City_ID,City,Country,Lat,Lng,Max Temp,Humidity,Cloudiness,Wind Speed,Current Description
0,Busselton,AU,-33.65,115.3333,51.04,83,89,16.33,overcast clouds
1,Hilo,US,19.7297,-155.09,78.24,73,1,5.75,clear sky
2,Albany,US,42.6001,-73.9662,61.16,78,93,11.83,overcast clouds
3,Carnarvon,AU,-24.8667,113.6333,68.07,68,90,20.71,overcast clouds
4,Karlskrona,SE,56.1616,15.5866,50.45,95,98,9.37,overcast clouds
5,Pochutla,MX,15.7432,-96.4661,85.82,57,57,5.37,broken clouds
6,Roald,NO,62.5833,6.1333,48.09,76,0,5.75,clear sky
7,Fortuna,US,40.5982,-124.1573,62.92,73,1,1.01,clear sky
8,Yashiro,JP,34.9167,134.9667,59.94,87,28,3.94,scattered clouds
9,Cape Town,ZA,-33.9258,18.4232,66.09,69,20,5.75,few clouds
10,Axim,GH,4.8699,-2.2405,79.83,83,99,10.11,light rain
11,Gobabis,NA,-22.45,18.9667,80.29,6,0,9.89,clear sky
12,Kumluca,TR,36.3703,30.2869,66.43,71,100,3.94,overcast clouds
13,Grand-Santi,GF,4.25,-54.3833,85.06,65,69,1.48,broken clouds
14,Chokurdakh,RU,70.6333,147.9167,-12.3,100,100,5.61,overcast clouds
15,Jamestown,US,42.097,-79.2353,54.01,91,90,3.0,overcast clouds
16,Dikson,RU,73.5069,80.5464,6.75,94,97,10.29,overcast clouds
17,Rikitea,PF,-23.1203,-134.9692,74.16,87,93,13.4,moderate rain
18,Ancud,CL,-41.8697,-73.8203,71.13,41,24,4.05,few clouds
19,Norman Wells,CA,65.282,-126.8329,15.84,92,75,3.44,broken clouds
20,Aksu,CN,41.1231,80.2644,46.98,41,6,4.72,clear sky
21,Port Alfred,ZA,-33.5906,26.891,67.28,86,72,18.1,broken clouds
22,Bredasdorp,ZA,-34.5322,20.0403,60.28,81,89,5.57,overcast clouds
23,Tommot,RU,58.9564,126.2925,25.88,92,100,2.59,overcast clouds
24,Cidreira,BR,-30.1811,-50.2056,71.71,79,17,21.79,few clouds
25,Zeya,RU,53.75,127.2667,24.12,51,42,3.06,scattered clouds
26,Punta Arenas,CL,-53.15,-70.9167,53.71,50,0,9.22,clear sky
27,Saint-Philippe,RE,-21.3585,55.7679,72.99,83,28,7.65,scattered clouds
28,Savannah Bight,HN,16.45,-85.85,84.25,71,76,6.91,broken clouds
29,Ushuaia,AR,-54.8,-68.3,56.86,41,0,0.0,clear sky
30,Nikolskoye,RU,59.7035,30.7861,47.88,83,61,8.52,broken clouds
31,Sakakah,SA,29.9697,40.2064,81.97,23,100,8.93,overcast clouds
32,Lashio,MM,22.9333,97.75,62.46,98,5,0.56,clear sky
33,Lebu,CL,-37.6167,-73.65,58.78,75,100,8.88,overcast clouds
34,Yellowknife,CA,62.456,-114.3525,30.42,100,75,8.05,light snow
35,Loandjili,CG,-4.7561,11.8578,80.71,78,20,5.75,few clouds
36,Mildura,AU,-34.2,142.15,58.96,38,98,5.75,overcast clouds
37,Saint-Augustin,CA,51.226,-58.6502,49.8,56,80,6.64,broken clouds
38,Airai,TL,-8.9266,125.4092,60.82,88,94,2.04,overcast clouds
39,Cherskiy,RU,68.75,161.3,-0.6,98,100,4.94,overcast clouds
40,Salalah,OM,17.0151,54.0924,78.89,47,0,3.44,clear sky
41,Tiksi,RU,71.6872,128.8694,15.75,84,100,12.8,overcast clouds
42,Kapaa,US,22.0752,-159.319,75.18,92,1,5.75,clear sky
43,Kodiak,US,57.79,-152.4072,45.91,87,90,16.11,light rain
44,East London,ZA,-33.0153,27.9116,67.14,82,75,11.5,broken clouds
45,Cabo San Lucas,MX,22.8909,-109.9124,87.62,63,9,1.99,clear sky
46,Sistranda,NO,63.7256,8.834,49.89,83,66,9.57,broken clouds
47,Hamilton,US,39.1834,-84.5333,62.04,73,90,1.01,overcast clouds
48,Harper,LR,4.375,-7.7169,79.59,82,77,9.01,broken clouds
49,Fare,PF,-16.7,-151.0167,78.24,73,71,15.66,light rain
50,Labytnangi,RU,66.6572,66.4183,1.36,85,23,5.46,few clouds
51,Lykhivka,UA,48.6874,33.9228,46.72,56,0,8.14,clear sky
52,Castro,BR,-24.7911,-50.0119,60.76,96,100,6.67,overcast clouds
53,Bereda,ES,43.2686,-7.5406,57.42,94,100,5.99,overcast clouds
54,Nanortalik,GL,60.1432,-45.2371,34.12,74,57,14.0,broken clouds
55,Manacapuru,BR,-3.2997,-60.6206,93.78,50,100,1.66,overcast clouds
56,Hobart,AU,-42.8794,147.3294,55.26,62,40,3.0,scattered clouds
57,Esperance,AU,-33.8667,121.9,64.92,55,100,16.28,overcast clouds
58,Kaohsiung,TW,22.6163,120.3133,76.03,85,40,2.3,scattered clouds
59,Kavaratti,IN,10.5669,72.642,81.52,81,96,4.7,overcast clouds
60,Avarua,CK,-21.2078,-159.775,73.45,73,40,11.5,scattered clouds
61,Vardo,NO,70.3705,31.1107,37.38,93,75,14.97,broken clouds
62,Hithadhoo,MV,-0.6,73.0833,82.4,78,100,16.73,overcast clouds
63,Barrow,US,71.2906,-156.7887,28.42,86,90,20.71,light snow
64,Hasaki,JP,35.7333,140.8333,57.6,89,100,5.55,overcast clouds
65,New Waterford,US,40.8451,-80.6145,59.25,74,88,13.44,overcast clouds
66,Bengkulu,ID,-3.8004,102.2655,76.21,92,100,4.03,overcast clouds
67,Price,US,39.5994,-110.8107,60.73,50,1,3.44,clear sky
68,Dalvik,IS,65.9702,-18.5286,33.73,99,100,14.0,moderate rain
69,Rybnaya Sloboda,RU,55.4613,50.1409,44.58,81,63,13.33,broken clouds
70,Helena,US,46.5927,-112.0361,35.17,70,90,1.01,overcast clouds
71,Ahipara,NZ,-35.1667,173.1667,55.4,78,95,9.57,overcast clouds
72,Tuktoyaktuk,CA,69.4541,-133.0374,26.6,86,90,12.66,overcast clouds
73,Mokhsogollokh,RU,61.4681,128.9203,21.54,96,100,3.18,light snow
74,Anloga,GH,5.7947,0.8973,81.93,80,99,13.67,light rain
75,Perth,AU,-31.9333,115.8333,62.1,79,75,5.75,broken clouds
76,Mataura,NZ,-46.1927,168.8643,38.84,88,87,2.3,overcast clouds
77,Lodja,CD,-3.4833,23.4333,74.12,82,88,1.86,overcast clouds
78,Chuy,UY,-33.6971,-53.4616,74.7,71,80,10.63,broken clouds
79,Kavieng,PG,-2.5744,150.7967,82.44,77,99,14.97,light rain
80,Arraial Do Cabo,BR,-22.9661,-42.0278,73.36,94,75,11.5,broken clouds
81,Buzdyak,RU,54.5833,54.55,45.0,90,58,15.23,broken clouds
82,Hirara,JP,24.8,125.2833,76.39,63,55,13.38,broken clouds
83,Srednekolymsk,RU,67.45,153.6833,-3.32,99,99,6.8,overcast clouds
84,Sechura,PE,-5.5569,-80.8222,78.85,51,37,12.39,scattered clouds
85,Vilhena,BR,-12.7406,-60.1458,71.82,94,75,14.97,thunderstorm with light rain
86,Karachi,PK,24.9056,67.0822,75.02,73,59,5.75,broken clouds
87,Chapais,CA,49.7834,-74.8492,42.58,96,100,5.5,overcast clouds
88,Hermanus,ZA,-34.4187,19.2345,63.9,84,96,9.84,overcast clouds
89,Lavrentiya,RU,65.5833,-171.0,12.63,82,5,12.53,clear sky
90,Tasiilaq,GL,65.6145,-37.6368,24.96,66,100,4.07,overcast clouds
91,Puerto Ayora,EC,-0.7393,-90.3518,75.16,79,79,9.62,broken clouds
92,Garowe,SO,8.4054,48.4845,77.34,64,46,17.96,scattered clouds
93,Acari,PE,-15.4311,-74.6158,78.69,50,41,11.36,scattered clouds
94,Lubaczow,PL,50.157,23.1234,47.52,60,0,8.12,clear sky
95,Umea,SE,63.8284,20.2597,44.53,100,90,6.91,overcast clouds
96,Natal,BR,-5.795,-35.2094,84.85,70,40,18.41,scattered clouds
97,Kindu,CD,-2.95,25.95,70.88,98,87,0.54,light rain
98,Hambantota,LK,6.1241,81.1185,79.29,84,42,4.18,scattered clouds
99,Itoman,JP,26.1247,127.6694,73.42,80,75,3.44,broken clouds
100,Ilulissat,GL,69.2167,-51.1,32.02,93,75,19.57,snow
101,Kudahuvadhoo,MV,2.6708,72.8944,83.17,76,44,17.96,scattered clouds
102,Svecha,RU,58.2785,47.5164,42.01,92,84,8.77,broken clouds
103,Krabi,TH,8.0726,98.9105,81.99,100,20,3.44,few clouds
104,Navalcarnero,ES,40.2891,-4.012,65.23,100,99,25.08,overcast clouds
105,Doha,QA,25.2867,51.5333,80.58,69,0,8.05,clear sky
106,Svetlogorsk,BY,52.6333,29.7333,43.02,68,0,8.21,clear sky
107,San Ramon,US,37.7799,-121.978,63.64,72,1,1.01,clear sky
108,Burnie,AU,-41.0667,145.9167,49.91,63,59,12.1,broken clouds
109,Cuamba,MZ,-14.8031,36.5372,85.39,30,32,2.13,scattered clouds
110,Balikpapan,ID,-1.2675,116.8289,75.96,91,73,6.22,broken clouds
111,Wattegama,LK,6.7989,81.4808,74.89,96,54,2.13,broken clouds
112,Jaru,BR,-10.4389,-62.4664,93.63,40,61,7.56,broken clouds
113,Nanaimo,CA,49.1663,-123.936,51.51,69,1,1.01,clear sky
114,Noumea,NC,-22.2763,166.4572,62.58,77,10,4.38,clear sky
115,Saint George,US,37.1041,-113.5841,77.47,39,1,0.0,clear sky
116,Santa Isabel Do Rio Negro,BR,-0.4139,-65.0192,92.59,50,91,0.76,overcast clouds
117,Longyearbyen,SJ,78.2186,15.6401,30.04,69,40,8.05,scattered clouds
118,Vyazemskiy,RU,47.5378,134.7525,29.26,63,1,2.68,clear sky
119,Nizhniy Tagil,RU,57.9194,59.965,39.49,97,100,9.75,overcast clouds
120,Beloha,MG,-25.1667,45.05,72.93,78,96,2.82,light rain
121,Thompson,CA,55.7435,-97.8558,33.96,80,75,9.22,broken clouds
122,Dauphin,CA,51.1494,-100.0502,37.54,56,90,14.97,light rain
123,Bethel,US,41.3712,-73.414,65.44,71,75,1.01,broken clouds
124,Khatanga,RU,71.9667,102.5,4.95,96,100,9.48,light snow
125,Ribeira Grande,PT,38.5167,-28.7,68.4,94,75,8.05,broken clouds
126,Georgetown,MY,5.4112,100.3354,79.9,89,20,2.3,light rain
127,Tuatapere,NZ,-46.1333,167.6833,40.64,83,54,5.64,broken clouds
128,Gidam,IN,18.9833,81.4,71.37,77,37,2.73,scattered clouds
129,Coria,ES,39.9879,-6.5377,66.45,91,99,15.41,overcast clouds
130,Fatehpur,IN,25.9333,80.8,70.59,45,0,1.1,clear sky
131,Asbestos,CA,45.7668,-71.9324,50.29,97,100,11.23,overcast clouds
132,Severo-Kurilsk,RU,50.6789,156.125,34.93,65,99,25.64,overcast clouds
133,Tessalit,ML,20.1986,1.0114,90.52,11,77,7.94,broken clouds
134,Atuona,PF,-9.8,-139.0333,79.45,75,78,18.03,broken clouds
135,Port Lincoln,AU,-34.7333,135.8667,58.84,77,0,11.23,clear sky
136,Butaritari,KI,3.0707,172.7902,80.8,78,41,9.53,light rain
137,Ouallam,NE,14.3188,2.0866,93.78,11,72,9.48,broken clouds
138,Suzun,RU,53.7841,82.3116,27.77,82,98,13.71,overcast clouds
139,Vostok,RU,46.4856,135.8833,27.01,94,74,1.07,broken clouds
140,Kanniyakumari,IN,8.0833,77.5667,79.77,80,100,3.85,very heavy rain
141,Buraydah,SA,26.326,43.975,77.45,27,1,10.11,clear sky
142,Isla Mujeres,MX,21.2311,-86.731,86.16,56,14,8.39,few clouds
143,Moose Factory,CA,51.2585,-80.6094,42.8,81,90,8.05,overcast clouds
144,Cayenne,GF,4.9333,-52.3333,87.84,75,40,5.99,scattered clouds
145,Itarema,BR,-2.9248,-39.9167,85.44,64,73,16.84,broken clouds
146,Ust-Uda,RU,54.1742,103.0304,29.84,86,84,3.4,broken clouds
147,Shenkursk,RU,62.1091,42.896,41.9,89,100,4.63,overcast clouds
148,Broome,US,42.2506,-75.833,56.84,80,90,7.0,overcast clouds
149,Namibe,AO,-15.1961,12.1522,68.0,72,90,17.05,overcast clouds
150,Ekuvukeni,ZA,-28.4675,30.1551,66.29,42,0,6.67,clear sky
151,Seoul,KR,37.5683,126.9778,53.04,100,20,2.3,fog
152,Wajima,JP,37.4,136.9,61.0,79,29,7.65,scattered clouds
153,Tarakan,ID,3.3,117.6333,76.5,94,40,3.44,scattered clouds
154,Marawi,PH,7.9986,124.2928,65.64,94,88,0.38,overcast clouds
155,Bukachacha,RU,52.9833,116.9167,23.45,57,55,2.17,broken clouds
156,Pangnirtung,CA,66.1451,-65.7125,30.2,93,90,0.0,light snow
157,Port Elizabeth,ZA,-33.918,25.5701,64.69,94,0,12.66,clear sky
158,Upernavik,GL,72.7868,-56.1549,33.06,98,100,17.18,light snow
159,Linxia,CN,35.6003,103.2064,42.1,72,95,1.03,overcast clouds
160,Samagaltay,RU,50.6022,95.0047,34.43,47,96,8.19,overcast clouds
161,College,US,64.8569,-147.8028,46.06,48,75,5.75,broken clouds
162,San Andres,CO,12.5847,-81.7006,86.02,70,75,12.66,broken clouds
163,Naze,JP,28.3667,129.4833,68.86,81,70,11.14,broken clouds
164,Sao Filipe,CV,14.8961,-24.4956,80.71,70,87,11.9,overcast clouds
165,Fraga,ES,41.5229,0.3489,67.03,80,90,8.48,light rain
166,Constitucion,CL,-35.3333,-72.4167,61.07,72,100,6.53,overcast clouds
167,Gamba,GA,-2.65,10.0,76.33,87,97,5.68,overcast clouds
168,Victoria,HK,22.2855,114.1577,76.32,82,87,1.99,light rain
169,Poum,NC,-20.2333,164.0167,74.59,68,1,15.59,clear sky
170,Salinopolis,BR,-0.6136,-47.3561,83.12,76,76,9.37,broken clouds
171,Zirgan,RU,53.2222,55.9185,42.93,94,58,8.93,broken clouds
172,Pevek,RU,69.7008,170.3133,-0.4,97,100,3.8,overcast clouds
173,Baker City,US,44.7749,-117.8344,53.64,82,75,4.61,broken clouds
174,Pampa,US,35.5362,-100.9599,55.44,50,1,9.22,clear sky
175,Bambous Virieux,MU,-20.3428,57.7575,73.65,78,75,3.44,broken clouds
176,Gat,IL,31.61,34.7642,83.08,38,35,15.01,scattered clouds
177,Ponerihouen,NC,-21.0833,165.4,68.34,77,26,5.01,scattered clouds
178,Torbay,CA,47.6666,-52.7314,47.28,91,90,12.66,overcast clouds
179,Geraldton,AU,-28.7667,114.6,62.13,77,40,8.05,scattered clouds
180,Yar-Sale,RU,66.8333,70.8333,8.02,95,56,4.56,broken clouds
181,Shache,CN,38.4167,77.2406,49.5,29,100,5.3,overcast clouds
182,Boyolangu,ID,-8.1181,111.8935,76.89,88,96,0.74,overcast clouds
183,Teya,RU,60.3778,92.6267,21.65,93,100,1.88,overcast clouds
184,Souillac,MU,-20.5167,57.5167,73.78,78,75,3.44,broken clouds
185,Mar Del Plata,AR,-38.0023,-57.5575,60.1,83,90,8.99,overcast clouds
186,Qaanaaq,GL,77.484,-69.3632,11.28,66,100,9.82,overcast clouds
187,Alyangula,AU,-13.8483,136.4192,81.95,76,38,5.37,scattered clouds
188,Maragogi,BR,-9.0122,-35.2225,81.7,64,60,9.93,broken clouds
189,Maumere,ID,-8.6199,122.2111,80.26,79,68,0.11,broken clouds
190,Jiangyou,CN,31.7667,104.7167,59.47,76,100,3.02,light rain
191,Norsup,VU,-16.0667,167.3833,77.54,78,27,6.89,scattered clouds
192,Coos Bay,US,43.3665,-124.2179,59.31,94,90,0.0,overcast clouds
193,Dwarka,IN,22.2394,68.9678,80.78,48,8,8.01,clear sky
194,Stabat,ID,3.761,98.4513,72.9,96,96,1.95,light rain
195,Varena,LT,54.2167,24.5667,49.48,75,6,6.96,clear sky
196,Asau,RO,46.4333,26.4,45.39,90,0,0.81,clear sky
197,Ereymentau,KZ,51.6199,73.1033,27.34,81,53,7.05,broken clouds
198,Beringovskiy,RU,63.05,179.3167,5.88,94,94,13.33,light snow
199,Thinadhoo,MV,0.5333,72.9333,82.8,77,99,18.77,overcast clouds
200,Olafsvik,IS,64.8945,-23.7142,35.69,70,25,17.85,scattered clouds
201,Sorong,ID,-0.8833,131.25,79.54,82,100,3.91,overcast clouds
202,Lompoc,US,34.6391,-120.4579,67.01,68,1,5.75,clear sky
203,Khao Yoi,TH,13.2403,99.8243,74.91,85,98,3.83,overcast clouds
204,Ponta Do Sol,PT,32.6667,-17.1,75.7,80,40,7.14,scattered clouds
205,Korla,CN,41.7597,86.1469,48.81,44,99,2.77,overcast clouds
206,Ottawa,CA,45.4112,-75.6981,52.72,97,90,1.99,mist
207,Amarante Do Maranhao,BR,-5.5667,-46.7422,89.33,42,65,3.6,broken clouds
208,Lorengau,PG,-2.0226,147.2712,81.37,78,99,10.54,overcast clouds
209,Saskylakh,RU,71.9167,114.0833,10.56,97,100,4.94,overcast clouds
210,Vila Velha,BR,-20.3297,-40.2925,76.95,78,90,12.66,light rain
211,Abu Kamal,SY,34.4506,40.9171,75.94,36,94,3.47,overcast clouds
212,San Quintin,MX,30.4833,-115.95,66.47,69,29,8.66,scattered clouds
213,Vaini,TO,-21.2,-175.2,73.56,94,20,6.91,few clouds
214,Bluff,NZ,-46.6,168.3333,47.21,77,86,17.74,overcast clouds
215,Dunedin,NZ,-45.8742,170.5036,49.8,58,60,8.01,broken clouds
216,Saint-Pierre,RE,-21.3393,55.4781,73.08,72,0,5.75,clear sky
217,Luderitz,NA,-26.6481,15.1594,61.2,80,35,7.0,scattered clouds
218,Hue,VN,16.4667,107.6,77.11,94,40,2.3,scattered clouds
219,Pagudpud,PH,18.5616,120.7868,73.36,83,10,11.88,clear sky
220,Pisco,PE,-13.7,-76.2167,68.05,73,0,11.5,clear sky
221,Mumford,GH,5.2618,-0.759,79.61,86,97,13.13,light rain
222,Gijon,ES,43.5357,-5.6615,60.8,90,100,7.05,overcast clouds
223,Vestmannaeyjar,IS,63.4427,-20.2734,38.39,75,0,25.32,clear sky
224,Flinders,AU,-34.5833,150.8552,58.37,80,7,1.01,clear sky
225,Qovlar,AZ,40.948,45.735,49.05,76,25,3.0,scattered clouds
226,Lake City,US,30.1897,-82.6393,62.65,63,90,11.5,overcast clouds
227,Avera,US,33.194,-82.5271,70.48,49,4,10.07,clear sky
228,Auki,SB,-8.7676,160.7034,76.8,89,75,4.23,broken clouds
229,Camopi,GF,3.1655,-52.3158,88.65,54,80,6.29,broken clouds
230,Lake Charles,US,30.2131,-93.2044,78.78,30,1,0.0,clear sky
231,Yakeshi,CN,49.2833,120.7333,25.65,36,36,3.6,scattered clouds
232,Diego De Almagro,CL,-26.3667,-70.05,80.08,15,0,13.51,clear sky
233,Zabaykalsk,RU,49.6333,117.3167,25.05,36,5,6.29,clear sky
234,Loikaw,MM,19.6742,97.2094,65.68,96,23,2.1,few clouds
235,Puerto Narino,CO,-3.7703,-70.3831,91.35,56,94,1.95,light rain
236,Scottsbluff,US,41.8666,-103.6672,39.63,95,90,7.0,mist
237,Tacoronte,ES,28.4769,-16.4102,68.81,62,0,5.99,clear sky
238,Kimbe,PG,-5.5502,150.1429,75.96,91,96,4.09,overcast clouds
239,Fairfield,US,41.2668,-73.3162,65.93,72,75,1.99,broken clouds
240,Sindor,RU,62.8629,51.8905,35.89,98,100,7.52,overcast clouds
241,Alta Floresta,BR,-9.8756,-56.0861,80.42,89,75,8.05,broken clouds
242,Nome,US,64.5011,-165.4064,17.67,79,1,0.0,clear sky
243,Sitka,US,57.0531,-135.33,42.69,75,75,5.75,broken clouds
244,Zhongxing,CN,33.7039,118.6792,60.8,60,96,5.55,light rain
245,Berlevag,NO,70.8578,29.0864,33.6,74,100,14.97,overcast clouds
246,Tyup,KG,42.7276,78.3648,36.37,81,96,3.02,overcast clouds
247,Christchurch,NZ,-43.5333,172.6333,53.01,69,90,3.44,overcast clouds
248,Yaransk,RU,57.3033,47.8861,43.3,85,81,12.24,broken clouds
249,Kaitangata,NZ,-46.2817,169.8464,43.61,76,83,7.78,broken clouds
250,Ahuimanu,US,21.4447,-157.8378,76.46,70,20,0.0,few clouds
251,New Norfolk,AU,-42.7826,147.0587,54.91,57,100,5.01,overcast clouds
252,San Angelo,US,31.4638,-100.437,77.63,35,1,4.0,clear sky
253,Komsomolskiy,UZ,40.4272,71.7189,47.62,65,94,6.91,haze
254,Bagepalli,IN,13.7847,77.7931,71.94,94,100,5.99,overcast clouds
255,Brigantine,US,39.4101,-74.3646,65.03,72,20,12.66,few clouds
256,Cockburn Town,TC,21.4612,-71.1419,85.96,66,40,5.75,scattered clouds
257,Taoudenni,ML,22.6783,-3.9836,88.99,15,0,8.55,clear sky
258,Krasnyy Chikoy,RU,50.3643,108.7512,27.41,77,56,3.67,broken clouds
259,Londrina,BR,-23.3103,-51.1628,76.66,69,75,9.22,broken clouds
260,Saldanha,ZA,-33.0117,17.9442,64.45,82,99,7.47,overcast clouds
261,Samarai,PG,-10.6167,150.6667,82.22,79,97,15.03,moderate rain
262,Mehamn,NO,71.0357,27.8492,35.78,86,0,3.44,clear sky
263,Vetluga,RU,57.8557,45.781,42.55,85,66,8.46,broken clouds
264,Selikhino,RU,50.3672,137.4996,28.02,64,0,2.89,clear sky
265,Kurilsk,RU,45.2333,147.8833,47.73,84,100,9.42,overcast clouds
266,Kahului,US,20.8947,-156.47,79.84,68,1,0.0,clear sky
267,Panguipulli,CL,-39.6333,-72.3333,76.71,27,96,2.13,overcast clouds
268,Udachnyy,RU,66.4167,112.4,8.82,85,60,15.86,broken clouds
269,Erenhot,CN,43.6475,111.9767,34.29,37,0,5.77,clear sky
270,Olga,RU,43.7444,135.2892,41.32,92,100,3.98,overcast clouds
271,Champerico,GT,14.3,-91.9167,90.14,68,43,4.72,scattered clouds
272,Lagoa,PT,39.05,-27.9833,69.84,85,100,10.56,overcast clouds
273,Leningradskiy,RU,69.3833,178.4167,0.79,93,100,9.93,overcast clouds
274,Rylsk,RU,51.5655,34.6822,43.41,70,0,6.22,clear sky
275,Oktyabrskoye,RU,43.0645,44.7417,37.54,100,90,4.47,mist
276,Dmanisi,GE,41.5251,44.3472,36.34,88,53,1.57,broken clouds
277,Mursalimkino,RU,55.0379,58.5585,42.84,92,100,12.48,overcast clouds
278,Tura,IN,25.5198,90.2201,61.57,65,0,3.0,clear sky
279,Roebourne,AU,-20.7833,117.1333,72.55,64,0,7.2,clear sky
280,Uvira,CD,-3.4067,29.1458,75.96,82,92,1.97,light rain
281,Bonthe,SL,7.5264,-12.505,80.01,80,58,11.59,light rain
282,Hofn,IS,64.2539,-15.2082,39.83,59,100,19.46,overcast clouds
283,Ginir,ET,7.1333,40.7,60.22,63,72,5.44,broken clouds
284,Bathsheba,BB,13.2167,-59.5167,84.81,65,40,13.8,scattered clouds
285,Itororo,BR,-15.1169,-40.0703,85.06,48,72,7.31,broken clouds
286,Barabai,ID,-2.5833,115.3833,74.23,98,100,5.03,overcast clouds
287,Ossora,RU,59.2353,163.0719,8.58,76,100,10.51,overcast clouds
288,Qaqortoq,GL,60.7167,-46.0333,30.7,71,78,4.38,broken clouds
289,Namie,JP,37.4833,141.0,48.78,79,26,3.6,scattered clouds
290,Xai-Xai,MZ,-25.0519,33.6442,68.31,84,44,5.06,scattered clouds
291,Hopewell,US,37.3043,-77.2872,72.95,58,9,11.61,clear sky
292,Presidencia Roque Saenz Pena,AR,-26.7852,-60.4388,100.11,22,21,4.88,few clouds
293,Aksarayskiy,RU,46.7924,48.0119,44.55,85,0,7.31,clear sky
294,Ulaangom,MN,49.9811,92.0667,33.53,66,100,6.11,overcast clouds
295,Tucupita,VE,9.0622,-62.051,88.45,54,89,4.43,overcast clouds
296,Erdaojiang,CN,41.7764,126.0319,38.79,87,100,3.74,overcast clouds
297,Klaksvik,FO,62.2266,-6.589,40.12,67,99,3.09,overcast clouds
298,Manokwari,ID,-0.8667,134.0833,78.12,79,91,4.61,overcast clouds
299,Camacha,PT,33.0833,-16.3333,71.53,83,20,9.22,few clouds
300,Endicott,US,42.0984,-76.0494,57.18,86,90,1.01,overcast clouds
301,Iqaluit,CA,63.7506,-68.5145,37.13,69,90,4.0,overcast clouds
302,Yulara,AU,-25.2406,130.9889,64.24,88,90,5.75,overcast clouds
303,La Ronge,CA,55.1001,-105.2842,32.25,69,90,9.22,overcast clouds
304,Zinder,NE,13.8072,8.9881,89.56,20,0,6.91,clear sky
305,North Bend,US,43.4065,-124.2243,58.91,94,90,0.0,overcast clouds
306,Sassandra,CI,4.95,-6.0833,78.62,86,69,8.41,light rain
307,Akyab,MM,20.15,92.9,78.87,79,65,5.53,broken clouds
308,Sinjar,IQ,36.3209,41.8754,72.19,38,95,8.48,overcast clouds
309,Kadnikov,RU,59.5022,40.338,39.52,95,46,5.46,scattered clouds
310,Carutapera,BR,-1.195,-46.02,83.12,79,47,6.71,scattered clouds
311,Zhigansk,RU,66.7697,123.3711,11.46,92,100,20.6,overcast clouds
312,Bonnyville,CA,54.2668,-110.735,33.12,49,0,5.82,clear sky
313,Qasigiannguit,GL,68.8193,-51.1922,32.25,98,100,13.65,snow
314,Miandrivazo,MG,-19.5167,45.4667,75.38,69,0,5.08,clear sky
315,Deputatskiy,RU,69.3,139.9,-11.22,85,60,2.75,broken clouds
316,Reims,FR,49.1667,4.0833,55.94,82,90,8.05,overcast clouds
317,Miri,MY,4.4148,114.0089,77.14,94,40,1.14,light rain
318,San Cristobal,VE,7.7669,-72.225,77.18,71,76,2.93,broken clouds
319,Praia,CV,14.9215,-23.5087,75.74,94,90,12.66,overcast clouds
320,Caravelas,BR,-17.7125,-39.2481,80.71,65,67,9.98,broken clouds
321,Marsa Matruh,EG,31.3525,27.2453,75.72,41,83,10.96,broken clouds
322,Juneau,US,58.3019,-134.4197,39.25,95,90,0.0,fog
323,Port Hardy,CA,50.6996,-127.4199,46.4,65,1,4.61,clear sky
324,Phangnga,TH,8.4509,98.5298,81.91,93,90,3.04,overcast clouds
325,Hervey Bay,AU,-25.2986,152.8535,65.03,67,76,18.7,broken clouds
326,Half Moon Bay,US,37.4636,-122.4286,64.71,70,1,1.99,clear sky
327,Ranir Bazar,IN,23.8333,91.3667,67.46,74,2,4.21,clear sky
328,Iquitos,PE,-3.7481,-73.2472,89.64,66,75,3.44,broken clouds
329,Mikuni,JP,36.2171,136.1519,51.71,77,11,4.36,few clouds
330,Terrace Bay,CA,48.7834,-87.1,45.1,67,100,16.73,overcast clouds
331,Cap-Aux-Meules,CA,47.3821,-61.8597,51.85,76,90,11.5,light rain
332,Naryan-Mar,RU,67.6713,53.087,9.66,87,31,9.01,scattered clouds
333,Dakar,SN,14.6937,-17.4441,85.08,83,0,9.22,clear sky
334,Omsukchan,RU,62.5333,155.8,-13.81,98,98,5.1,overcast clouds
335,Tautira,PF,-17.7333,-149.15,80.62,77,94,16.28,overcast clouds
336,Konya,TR,38.1667,32.5,53.08,55,98,4.56,overcast clouds
337,Ayan,RU,56.45,138.1667,20.64,53,0,7.23,clear sky
338,Namatanai,PG,-3.6667,152.4333,78.98,83,98,7.58,light rain
339,Aykhal,RU,66.0,111.5,8.46,91,100,21.14,overcast clouds
340,Laguna,US,38.421,-121.4238,64.08,75,1,1.99,clear sky
341,Polson,US,47.6936,-114.1632,40.77,81,0,3.71,clear sky
342,Gizo,SB,-8.103,156.8419,81.25,78,99,6.67,light rain
343,Acapulco,MX,16.8634,-99.8901,85.82,70,75,5.75,broken clouds
344,Edson,CA,53.5835,-116.4356,24.94,63,1,2.3,clear sky
345,Sobolevo,RU,54.4299,31.8996,40.95,81,1,8.08,clear sky
346,Meiganga,CM,6.5167,14.3,70.61,75,75,2.95,broken clouds
347,Provideniya,RU,64.3833,-173.3,11.97,80,68,8.46,broken clouds
348,Martapura,ID,-3.4167,114.85,75.29,100,75,1.14,broken clouds
349,Puertollano,ES,38.6871,-4.1073,65.28,87,98,15.68,overcast clouds
350,Los Corrales De Buelna,ES,43.2636,-4.0726,56.25,94,100,5.01,overcast clouds
351,Moerai,PF,-22.4333,-151.3333,73.62,67,82,18.75,broken clouds
352,Riyadh,SA,24.6877,46.7219,73.54,21,0,6.22,clear sky
353,Balod,IN,20.73,81.2047,66.27,73,3,1.79,clear sky
354,Padampur,IN,29.6833,73.6167,75.79,23,0,8.23,clear sky
355,Louis Trichardt,ZA,-23.0439,29.9032,63.61,77,27,4.68,scattered clouds
356,Xucheng,CN,20.35,110.1288,72.3,89,22,11.63,light rain
357,Ola,RU,59.5833,151.2833,10.9,56,11,11.74,few clouds
358,Umm Kaddadah,SD,13.6017,26.6876,90.23,17,13,10.87,few clouds
359,Paciran,ID,-6.8767,112.3761,81.5,76,99,0.6,overcast clouds
360,Livramento,BR,-3.0254,-60.1803,93.88,49,40,4.61,scattered clouds
361,Belokurikha,RU,51.9959,84.9896,33.82,92,94,14.85,light rain
362,Beruwala,LK,6.4788,79.9828,79.63,83,82,3.67,broken clouds
363,Kaiyuan,CN,23.6977,103.3037,62.38,96,97,3.69,overcast clouds
364,Talnakh,RU,69.4865,88.3972,-3.53,99,99,6.76,overcast clouds
365,Kruisfontein,ZA,-34.0033,24.7314,63.77,86,96,5.44,overcast clouds
366,South Lyon,US,42.4606,-83.6516,58.01,80,13,5.01,few clouds
367,Bideford,GB,51.0179,-4.2046,54.84,80,4,29.26,clear sky
368,Astana,KZ,51.1801,71.446,33.75,93,90,11.18,overcast clouds
369,Mitchell,US,43.7094,-98.0298,46.38,47,20,5.01,few clouds
370,Foca,TR,38.6703,26.7566,64.26,70,100,6.85,overcast clouds
371,Te Anau,NZ,-45.4167,167.7167,37.6,89,59,1.25,moderate rain
372,Westport,US,41.1415,-73.3579,66.65,71,20,4.0,few clouds
373,Masindi,UG,1.6744,31.715,67.33,89,67,2.13,broken clouds
374,Sibolga,ID,1.7427,98.7792,76.21,92,100,3.51,overcast clouds
375,Sinnamary,GF,5.3833,-52.95,81.55,79,97,8.1,overcast clouds
376,Seymchan,RU,62.8833,152.4333,-4.67,92,73,0.76,broken clouds
377,Guerrero Negro,MX,27.9769,-114.0611,71.08,61,74,6.02,broken clouds
378,Raub,MY,3.7899,101.857,73.96,97,97,1.23,overcast clouds
379,Tiznit,MA,29.5833,-9.5,69.03,41,1,4.68,clear sky
380,Balclutha,NZ,-46.2339,169.75,41.11,79,81,4.68,broken clouds
381,San Diego,US,32.7153,-117.1573,71.62,72,75,4.61,broken clouds
382,Shagonar,RU,51.5333,92.8,36.86,79,100,8.34,overcast clouds
383,Hammerfest,NO,70.6634,23.6821,34.25,69,0,11.5,clear sky
384,Coquimbo,CL,-29.9533,-71.3436,62.33,72,90,10.36,overcast clouds
385,Oakdale,US,44.963,-92.9649,48.72,52,20,4.0,few clouds
386,Abha,SA,18.2164,42.5053,64.65,37,0,6.91,clear sky
387,Bud,US,39.447,-86.1758,62.67,67,8,13.33,clear sky
388,Labuhan,ID,-6.8844,112.2051,81.12,77,99,0.51,light rain
389,Mount Isa,AU,-20.7333,139.5,78.57,19,66,5.75,light rain
390,Mvuma,ZW,-19.2792,30.5283,74.23,41,36,8.25,scattered clouds
391,Nikolayevsk-Na-Amure,RU,53.1406,140.73,18.63,92,20,3.49,few clouds
392,Clyde River,CA,70.4692,-68.5914,21.43,93,75,8.05,light snow
393,Ampanihy,MG,-24.7,44.75,73.33,71,100,5.06,overcast clouds
394,Adrar,MR,20.5022,-10.0711,89.42,13,64,7.49,broken clouds
395,Fernandez,AR,-27.9204,-63.8935,95.76,28,51,12.15,light rain
396,Logansport,US,40.7545,-86.3567,62.46,37,1,9.22,clear sky
397,Aklavik,CA,68.2191,-135.0107,34.52,93,75,2.3,broken clouds
398,Port Macquarie,AU,-31.4333,152.9167,57.88,80,61,4.52,broken clouds
399,Micomeseng,GQ,2.1462,10.6164,69.93,99,96,3.44,light rain
400,Marsh Harbour,BS,26.5412,-77.0636,78.01,57,2,10.25,clear sky
401,Bocas Del Toro,PA,9.3333,-82.25,84.07,76,83,13.6,broken clouds
402,Broken Hill,AU,-31.95,141.4333,62.31,25,91,4.61,overcast clouds
403,Goderich,CA,43.7501,-81.7165,53.04,76,25,12.66,scattered clouds
404,Saint-Joseph,RE,-21.3667,55.6167,71.98,81,12,7.18,few clouds
405,Oruro,BO,-17.9833,-67.15,64.89,37,40,12.66,scattered clouds
406,Misratah,LY,32.3754,15.0925,73.24,59,80,8.63,broken clouds
407,Vila Franca Do Campo,PT,37.7167,-25.4333,73.2,87,100,14.2,overcast clouds
408,Kasongo,CD,-4.45,26.6667,69.17,96,100,4.52,moderate rain
409,Savinskiy,RU,62.9342,40.1361,41.22,92,100,4.05,overcast clouds
410,Kalmunai,LK,7.4167,81.8167,79.03,87,53,6.78,broken clouds
411,Ambanja,MG,-13.6833,48.45,75.99,83,60,1.74,light rain
412,Karratha,AU,-20.7377,116.8463,73.24,65,0,8.52,clear sky
413,Halifax,CA,44.6453,-63.5724,59.41,97,100,11.99,overcast clouds
414,Krasnogvardeyskoye,RU,45.8456,41.5186,47.35,78,61,13.6,broken clouds
415,Manicore,BR,-5.8092,-61.3003,94.59,41,100,1.21,overcast clouds
416,La Tuque,CA,47.4334,-72.7824,46.65,93,100,10.36,light rain
417,Slave Lake,CA,55.2834,-114.769,35.58,48,1,3.44,clear sky
418,Palmer,US,42.1584,-72.3287,66.49,64,75,1.99,broken clouds
419,Monterey,US,36.2505,-121.2516,60.71,1,47,1.5,scattered clouds
420,Abu Samrah,SY,35.3029,37.1841,69.28,53,100,15.86,overcast clouds
421,Coahuayana,MX,18.7333,-103.6833,89.2,54,24,3.31,few clouds
422,Santa Marta,CO,11.2408,-74.199,81.03,78,97,7.0,overcast clouds
423,Jeremie,HT,18.65,-74.1167,84.16,69,12,2.62,few clouds
424,Sakaiminato,JP,35.55,133.2333,51.78,100,75,3.44,light rain
425,Ixtapa,MX,20.7,-105.2,83.23,75,1,4.0,clear sky
426,Kirovo-Chepetsk,RU,58.5539,50.0399,45.18,80,100,7.52,overcast clouds
427,Paamiut,GL,61.994,-49.6678,34.48,88,100,5.99,overcast clouds
428,Whitecourt,CA,54.1502,-115.6855,27.64,63,1,0.0,clear sky
429,Madimba,TZ,-10.4,40.3333,78.12,79,5,10.2,clear sky
430,Surat,IN,21.1667,72.8333,75.18,60,5,0.0,clear sky
431,Yatou,CN,37.15,122.3833,52.65,71,97,15.84,overcast clouds
432,Viedma,AR,-40.8135,-62.9967,56.64,61,100,12.73,overcast clouds
433,Kenora,CA,49.8167,-94.4337,40.17,65,40,12.66,scattered clouds
434,Vyartsilya,RU,62.1764,30.693,41.85,97,100,6.64,overcast clouds
435,Lokosovo,RU,61.1333,74.8167,6.51,94,69,5.99,broken clouds
436,Grand Gaube,MU,-20.0064,57.6608,73.8,78,70,4.0,broken clouds
437,Oistins,BB,13.0667,-59.5333,84.29,65,40,13.8,scattered clouds
438,Kushmurun,KZ,52.4503,64.6311,46.22,77,96,14.12,overcast clouds
439,Hit,IQ,33.6416,42.8251,80.1,26,95,9.51,overcast clouds
440,Bac Lieu,VN,9.285,105.7244,79.61,84,100,8.55,overcast clouds
441,Hastings,GB,50.8552,0.5729,55.9,64,13,29.24,few clouds
442,Richards Bay,ZA,-28.783,32.0377,65.91,86,0,1.32,clear sky
443,Belyy Yar,RU,53.6039,91.3903,35.85,77,0,6.71,clear sky
444,Sosnovo-Ozerskoye,RU,52.5249,111.5418,26.65,65,44,4.56,scattered clouds
445,Vanimo,PG,-2.6741,141.3028,77.36,88,100,0.27,overcast clouds
446,Kirakira,SB,-10.4544,161.9205,78.12,85,69,8.55,broken clouds
447,Chernyshevskiy,RU,63.0128,112.4714,12.69,87,46,7.76,scattered clouds
448,Barra Do Garcas,BR,-15.89,-52.2567,86.58,62,40,3.44,scattered clouds
449,Wilmington,US,34.2257,-77.9447,73.31,58,1,12.66,clear sky
450,Omboue,GA,-1.5746,9.2618,76.35,91,100,7.7,overcast clouds
451,Disna,BY,55.568,28.1971,44.87,75,4,9.6,clear sky
452,Aloleng,PH,16.1307,119.7824,78.31,73,25,6.69,scattered clouds
453,Bugalagrande,CO,4.2121,-76.1556,78.89,63,98,4.52,overcast clouds
454,Brandon,US,27.9378,-82.2859,77.09,71,75,1.01,broken clouds
455,Anadyr,RU,64.75,177.4833,-3.5,76,0,13.42,clear sky
456,Necochea,AR,-38.5473,-58.7368,54.03,72,100,11.95,overcast clouds
457,Taunggyi,MM,20.7833,97.0333,59.29,97,14,1.21,few clouds
458,Auriflama,BR,-20.6856,-50.5547,69.19,90,98,8.43,overcast clouds
459,Mtsensk,RU,53.2766,36.5733,42.03,83,4,7.31,clear sky
460,Katsuura,JP,35.1333,140.3,61.11,92,90,10.13,overcast clouds
461,Nizhnyaya Tavda,RU,57.6731,66.1725,27.84,78,100,6.93,overcast clouds
462,Boden,SE,65.8252,21.6886,35.6,100,100,4.7,overcast clouds
463,Canakkale,TR,40.0833,26.8333,56.01,90,52,5.41,broken clouds
464,Grand Forks,US,47.9417,-97.4337,40.93,56,90,16.11,overcast clouds
465,Pindiga,NG,9.9833,10.9333,81.75,28,100,0.94,overcast clouds
466,Tual,ID,-5.6667,132.75,83.35,75,99,13.58,moderate rain
467,Chico,US,39.7285,-121.8375,64.63,75,75,1.01,broken clouds
468,Portland,US,45.5234,-122.6762,58.62,45,75,3.0,broken clouds
469,Tilichiki,RU,60.4667,166.1,-6.74,97,60,11.45,broken clouds
470,Bafra,TR,41.5678,35.9069,59.83,75,88,5.68,overcast clouds
471,Bako,ET,5.7833,36.5667,67.84,49,49,6.08,scattered clouds
472,Chicama,PE,-7.8447,-79.1469,63.14,47,34,10.2,scattered clouds
473,Antofagasta,CL,-23.65,-70.4,65.48,60,0,8.5,clear sky
474,Alofi,NU,-19.0595,-169.9187,75.09,83,81,6.91,light rain
475,Atambua,ID,-9.1061,124.8925,75.76,84,70,1.43,broken clouds
476,Evensk,RU,61.95,159.2333,0.18,78,60,11.43,broken clouds
477,Puerto Lopez,CO,4.0845,-72.956,84.61,69,95,3.96,light rain
478,Paita,PE,-5.0892,-81.1144,77.56,63,36,12.26,scattered clouds
479,Altay,CN,47.8667,88.1167,37.4,96,100,4.85,overcast clouds
480,Flin Flon,CA,54.7682,-101.865,33.64,86,90,8.05,light snow
481,Bagdarin,RU,54.4333,113.6,24.19,76,81,1.16,broken clouds
482,Matara,LK,5.9485,80.5353,77.14,90,71,4.81,broken clouds
483,Mareeba,AU,-17.0,145.4333,74.12,94,89,5.91,overcast clouds
484,Margate,GB,51.3813,1.3862,54.03,74,34,1.99,scattered clouds
485,Xuddur,SO,4.1213,43.8894,83.95,36,74,8.01,broken clouds
486,Charlottesville,US,38.0293,-78.4767,70.68,57,60,5.01,broken clouds
487,Mandan,US,46.8267,-100.8896,42.78,50,1,20.71,clear sky
488,Bilma,NE,18.6853,12.9164,85.62,18,0,11.18,clear sky
489,Atkinson,US,42.8384,-71.147,66.18,71,75,3.0,broken clouds
490,Sisimiut,GL,66.9395,-53.6735,35.1,90,100,26.11,light rain
491,Port Blair,IN,11.6667,92.75,80.91,80,96,0.49,overcast clouds
492,Arlit,NE,18.7369,7.3853,88.32,13,20,7.38,few clouds
493,Russell,US,32.3502,-85.1999,65.43,59,90,11.5,overcast clouds
494,Biloxi,US,30.396,-88.8853,71.73,56,1,10.36,clear sky
495,Bata,GQ,1.8639,9.7658,78.15,86,84,9.51,light rain
496,Monster,NL,52.0258,4.175,55.54,77,20,8.01,few clouds
497,Shankargarh,IN,25.1833,81.6167,69.35,44,0,3.33,clear sky
498,Ostrovnoy,RU,68.0531,39.5131,29.01,92,77,3.53,broken clouds
499,Mazagao,BR,-0.115,-51.2894,89.65,53,45,6.6,heavy intensity rain
500,San Blas,MX,21.5167,-105.2667,85.89,59,0,6.11,clear sky
501,Henties Bay,NA,-22.116,14.2845,60.85,85,0,9.33,clear sky
502,Sibu,MY,2.3,111.8167,77.31,100,40,2.3,scattered clouds
503,Changji,CN,44.0167,87.3167,45.39,65,0,4.47,clear sky
504,Charters Towers,AU,-20.1,146.2667,72.79,88,73,7.31,broken clouds
505,Omaruru,NA,-21.4333,15.9333,72.27,15,2,8.9,clear sky
506,Tecoanapa,MX,16.5167,-98.75,83.59,71,32,6.73,scattered clouds
507,Kapoeta,SS,4.7717,33.5903,88.11,24,83,7.23,broken clouds
508,Lata,PT,40.1629,-8.3327,67.93,97,100,7.58,overcast clouds
509,Elizabeth City,US,36.2946,-76.2511,72.03,63,20,7.0,few clouds
510,Pandan,PH,14.0453,124.1694,79.77,78,48,12.97,scattered clouds
511,Hami,CN,42.8,93.45,49.75,46,54,2.33,broken clouds
512,Santa Comba,ES,43.0331,-8.8093,54.79,94,100,5.57,overcast clouds
513,Mankono,CI,8.0586,-6.1897,77.34,74,84,7.14,light rain
514,Sorland,NO,67.667,12.6934,50.07,83,100,18.88,light rain
515,Kathmandu,NP,27.7167,85.3167,61.02,88,75,3.44,broken clouds
516,Tuxpan,MX,19.55,-103.4,77.38,60,19,1.66,few clouds
517,Cururupu,BR,-1.8283,-44.8683,85.51,67,68,5.06,broken clouds
518,Wum,CM,6.3833,10.0667,66.34,91,78,1.5,moderate rain
519,Fatehgarh,IN,27.3667,79.6333,68.54,53,0,3.15,clear sky
520,High Prairie,CA,55.4334,-116.4858,27.7,44,6,3.71,clear sky
521,Veraval,IN,20.9,70.3667,78.39,55,12,0.6,few clouds
522,Pemangkat,ID,1.1667,108.9667,79.34,85,100,5.23,overcast clouds
523,Saurimo,AO,-9.6608,20.3916,67.71,84,100,2.17,overcast clouds
524,Bayangol,RU,50.6977,103.4656,26.8,77,82,0.74,broken clouds
525,Istok,XK,42.7808,20.4875,50.16,71,0,2.66,clear sky
526,Tagusao,PH,9.1924,117.8141,79.2,80,80,3.09,broken clouds
527,Ada,US,43.4166,-116.1262,53.73,76,1,5.01,clear sky
528,Japura,ID,-0.3167,102.35,73.27,99,99,2.51,overcast clouds
529,Mopipi,BW,-21.1833,24.8833,89.51,18,6,2.3,clear sky
530,Mabaruma,GY,8.2,-59.7833,86.0,79,40,9.22,scattered clouds
531,Nantucket,US,41.2835,-70.0995,64.96,80,1,21.85,clear sky
532,Husavik,IS,66.0449,-17.3389,33.71,99,100,23.31,moderate rain
533,Bloomfield,US,40.8068,-74.1854,66.06,67,20,3.0,few clouds
534,Yaan,NG,7.3833,8.5667,81.37,68,93,3.67,overcast clouds
535,Chaiya,TH,9.3862,99.1986,80.19,83,100,3.0,overcast clouds
536,Trenggalek,ID,-8.05,111.7167,76.5,90,98,0.92,overcast clouds
537,Uray,RU,60.1247,64.7758,21.96,95,100,8.55,light snow
538,Mahibadhoo,MV,3.7833,72.9667,83.25,72,11,16.78,few clouds
539,Khandyga,RU,62.6667,135.6,-2.07,91,100,4.12,overcast clouds
540,Lubao,PH,14.9167,120.55,80.62,83,7,4.12,clear sky
541,Mayumba,GA,-3.432,10.6554,77.41,86,100,6.11,overcast clouds
542,San Patricio,US,28.017,-97.5169,88.21,36,0,11.7,clear sky
543,Yarim,YE,14.298,44.3779,53.42,67,16,8.52,few clouds
544,Eureka,US,40.8021,-124.1637,64.74,88,68,1.01,broken clouds
545,Vila Do Maio,CV,15.1333,-23.2167,75.99,79,80,16.64,broken clouds
546,Huarmey,PE,-10.0681,-78.1522,71.13,68,15,11.1,few clouds
547,Borovskoy,KZ,53.8,64.15,43.63,86,98,10.96,overcast clouds
548,San Policarpo,PH,12.1791,125.5072,80.46,81,66,12.19,broken clouds
549,Oktyabrskiy,RU,54.4815,53.471,45.16,88,49,10.83,scattered clouds
550,Thoen,TH,17.6129,99.2161,73.24,99,69,0.63,broken clouds
551,Floro,NO,61.5996,5.0328,48.16,76,20,14.97,few clouds
552,Mahina,PF,-17.5065,-149.489,80.37,69,20,2.3,few clouds
553,Rio Gallegos,AR,-51.6226,-69.2181,68.05,18,0,28.77,clear sky
554,Honningsvag,NO,70.9821,25.9704,35.35,80,20,12.66,few clouds
555,Svetlaya,RU,46.5389,138.3297,40.6,87,100,7.2,overcast clouds
556,Mariakani,KE,-3.8633,39.4736,74.7,89,24,8.03,few clouds
557,Palaikastron,GR,35.2,26.25,63.75,87,100,8.16,overcast clouds
558,Mulege,MX,26.8833,-111.9833,83.14,29,75,3.78,broken clouds
559,Bayan,CN,46.0833,127.4,34.14,88,86,2.51,overcast clouds
560,Coihaique,CL,-45.5752,-72.0662,67.95,26,0,11.5,clear sky
561,Lufilufi,WS,-13.8745,-171.5986,81.37,75,99,16.26,overcast clouds
562,Kitale,KE,1.0157,35.0062,60.49,74,100,2.26,overcast clouds
563,Severo-Yeniseyskiy,RU,60.3725,93.0408,18.18,94,100,2.13,light snow
564,Sawai Madhopur,IN,25.9833,76.3667,69.13,41,1,5.66,clear sky
565,Basco,PH,20.4487,121.9702,80.51,69,40,18.99,scattered clouds
566,Sola,VU,-13.8833,167.55,80.47,74,21,13.15,few clouds
567,Beroroha,MG,-21.6667,45.1667,75.31,49,26,6.11,scattered clouds
568,Pecos,US,31.4229,-103.4932,74.05,24,1,14.97,clear sky
569,Upington,ZA,-28.4478,21.2561,80.98,24,0,2.3,clear sky
570,Oranjemund,NA,-28.55,16.4333,63.39,72,62,7.96,broken clouds
571,Alihe,CN,50.5667,123.7167,27.66,47,57,2.39,broken clouds
572,Marfino,RU,55.7028,37.3822,41.14,87,11,8.95,few clouds
573,Bestobe,KZ,52.4994,73.0975,28.36,75,51,6.96,broken clouds
574,Sarangani,PH,5.4033,125.4636,83.3,72,85,12.68,overcast clouds
575,La Paz,BO,-16.5,-68.15,55.38,54,75,19.57,broken clouds
576,Ca Mau,VN,9.1769,105.15,77.05,92,88,4.56,overcast clouds
577,U Thong,TH,14.3751,99.8923,80.24,94,100,3.22,overcast clouds
578,Kununurra,AU,-15.7667,128.7333,76.98,83,30,5.75,scattered clouds
579,Galle,LK,6.0367,80.217,78.82,85,89,4.27,overcast clouds
580,Pizarro,CO,4.9533,-77.366,79.3,82,100,7.7,light rain
581,Nago,JP,26.5881,127.9761,73.56,75,32,7.74,scattered clouds
582,Honiara,SB,-9.4333,159.95,77.56,87,79,3.89,broken clouds
583,Terra Rica,BR,-22.7094,-52.6169,74.88,74,92,8.9,overcast clouds
584,Akureyri,IS,65.6835,-18.0878,33.73,93,90,20.71,light snow
585,Adelaide,AU,-34.9333,138.6,60.3,61,0,0.0,clear sky
586,Bilibino,RU,68.0546,166.4372,-23.03,100,99,2.37,overcast clouds
587,San Ignacio,BZ,17.1561,-89.0714,84.34,58,20,4.61,few clouds
588,Balkanabat,TM,39.5108,54.3671,60.06,46,94,11.97,overcast clouds
589,Waitati,NZ,-45.75,170.5667,49.8,55,89,4.29,overcast clouds
590,Mao,ES,39.8885,4.2658,68.56,88,0,4.61,clear sky
591,Manubul,PH,5.4732,120.7986,83.44,70,100,4.09,overcast clouds
592,Mount Gambier,AU,-37.8333,140.7667,40.91,93,75,0.0,mist
593,Isangel,VU,-19.55,169.2667,74.23,84,51,7.16,broken clouds
594,Chardara,KZ,41.2547,67.9692,49.75,44,0,9.78,clear sky
595,Sijunjung,ID,-0.6876,100.9537,72.61,100,100,1.48,overcast clouds
596,Numan,NG,9.4667,12.0333,87.15,31,51,2.57,broken clouds
597,Conde,BR,-7.2597,-34.9075,83.66,65,75,13.8,broken clouds
598,Ladario,BR,-19.0047,-57.6017,89.89,58,40,5.75,scattered clouds
599,Biak,ID,-0.9131,122.8766,76.06,79,89,0.92,overcast clouds
600,Plettenberg Bay,ZA,-34.0527,23.3716,67.26,72,72,4.09,broken clouds
601,Boma,GH,7.0805,-2.1697,79.02,74,96,1.48,overcast clouds
602,Batemans Bay,AU,-35.7167,150.1833,54.1,93,22,3.56,few clouds
603,Maridi,SS,4.9158,29.4742,69.93,83,75,3.02,broken clouds
604,Praia Da Vitoria,PT,38.7333,-27.0667,73.65,83,40,6.6,scattered clouds
605,Vandra,EE,58.6481,25.0361,48.18,76,94,9.91,overcast clouds
606,Rabaul,PG,-4.1967,152.1721,79.57,78,99,3.58,light rain
607,Kilindoni,TZ,-7.9139,39.6668,80.62,75,3,12.73,clear sky
608,Fairbanks,US,64.8378,-147.7164,44.56,49,40,11.5,scattered clouds
609,Baracoa,CU,20.3467,-74.4958,82.87,75,47,3.33,scattered clouds
610,Payyannur,IN,12.1,75.2,77.49,91,82,3.27,broken clouds
611,Atagay,RU,55.1033,99.3875,31.57,93,100,3.13,overcast clouds
612,Haines Junction,CA,60.7522,-137.5108,35.55,51,100,4.61,overcast clouds
613,Raudeberg,NO,61.9875,5.1352,51.19,77,39,1.99,scattered clouds
614,Taltal,CL,-25.4,-70.4833,65.66,66,22,3.42,few clouds
615,Shetpe,KZ,44.1667,52.1167,50.56,49,0,8.16,clear sky
616,Bandarbeyla,SO,9.4942,50.8122,79.52,77,33,13.53,scattered clouds
617,Kaseda,JP,31.4167,130.3167,66.43,79,70,6.2,broken clouds
618,Kholm-Zhirkovskiy,RU,55.5189,33.4731,41.85,80,3,10.13,clear sky
619,Aswan,EG,24.0934,32.907,88.39,21,100,11.36,overcast clouds
620,Nishihara,JP,26.1842,127.7558,72.68,81,20,0.0,few clouds
621,Sept-Iles,CA,50.2001,-66.3821,47.05,96,90,11.99,mist
622,Shimoda,JP,34.6667,138.95,59.11,85,89,9.57,overcast clouds
623,Codrington,AU,-38.2667,141.9667,43.77,92,7,4.45,clear sky
624,Havelock,US,34.8791,-76.9013,71.06,65,1,8.99,clear sky
625,Vila,PT,42.0304,-8.1588,50.88,93,99,4.63,moderate rain
626,Latung,PH,5.5,120.8833,83.44,70,100,3.94,overcast clouds
627,Ust-Ishim,RU,57.6935,71.1665,19.8,96,100,2.64,overcast clouds
628,Neryungri,RU,56.6709,124.6491,17.92,85,100,3.94,overcast clouds
629,Ucluelet,CA,48.9329,-125.5528,55.71,49,0,9.57,clear sky
630,Monrovia,LR,6.3005,-10.7969,82.17,85,59,7.54,moderate rain
631,Fredericksburg,US,38.3032,-77.4605,70.81,63,75,1.99,broken clouds
632,Penzance,GB,50.1186,-5.5371,52.77,75,4,32.57,clear sky
633,Mweka,CD,-4.85,21.5667,71.1,90,38,2.53,scattered clouds
634,Loa Janan,ID,-0.583,117.095,73.54,99,82,1.23,broken clouds
635,Port Hedland,AU,-20.3167,118.5667,71.65,83,40,4.61,scattered clouds
636,Kieta,PG,-6.2167,155.6333,79.27,82,100,2.89,overcast clouds
637,Quatre Cocos,MU,-20.2078,57.7625,73.51,76,42,7.49,scattered clouds
638,Novyy Urengoy,RU,66.0833,76.6333,0.54,95,90,11.9,overcast clouds
639,Wukari,NG,7.85,9.7833,83.62,59,94,5.46,overcast clouds
640,Sao Joao Da Barra,BR,-21.6403,-41.0511,77.09,86,100,14.5,overcast clouds
641,Kuntaur,GM,13.6667,-14.8833,91.85,28,75,3.31,broken clouds
642,Faanui,PF,-16.4833,-151.75,78.6,68,95,14.76,overcast clouds
643,Kokopo,PG,-4.352,152.2633,77.07,82,93,3.87,overcast clouds
644,Rabo De Peixe,PT,37.8,-25.5833,72.28,92,20,17.27,few clouds
645,South Lake Tahoe,US,38.9332,-119.9844,55.83,43,1,11.5,clear sky
646,Grindavik,IS,63.8424,-22.4338,36.07,75,40,27.63,scattered clouds
647,Dingle,PH,10.9995,122.6711,75.22,89,99,7.31,overcast clouds
648,Betioky,MG,-23.7167,44.3833,71.69,75,96,5.55,overcast clouds
649,Non Thai,TH,15.1981,102.0358,74.79,93,83,3.71,broken clouds
650,Rocha,UY,-34.4833,-54.3333,74.68,69,97,5.06,overcast clouds
651,Lagdo,CM,9.05,13.7333,86.79,42,50,4.34,light rain
652,Lakkion,GR,37.1333,26.85,62.1,77,100,3.8,light rain
653,Tabou,CI,4.423,-7.3528,79.5,82,79,8.88,broken clouds
654,Comodoro Rivadavia,AR,-45.8667,-67.5,49.86,57,0,14.97,clear sky
655,Kidal,ML,18.4411,1.4078,91.26,11,73,10.16,broken clouds
656,Puerto Escondido,MX,15.85,-97.0667,85.03,70,40,0.0,scattered clouds
657,Padang,ID,-0.9492,100.3543,75.7,93,100,3.85,light rain
658,Shumskiy,RU,54.8318,99.1328,32.11,88,100,4.23,overcast clouds
659,Diapaga,BF,12.0708,1.7889,88.12,15,93,6.91,overcast clouds
660,Vao,NC,-22.6667,167.4833,70.86,64,46,8.84,scattered clouds
661,Verkhnyaya Inta,RU,65.9811,60.3094,9.66,83,73,10.36,broken clouds
662,Northam,GB,51.0333,-4.2167,53.62,71,3,30.18,clear sky
663,Guaraniacu,BR,-25.1008,-52.8781,71.29,81,33,1.48,light rain
664,Batagay,RU,67.6333,134.6333,-3.19,87,100,5.95,overcast clouds
665,Yuli,NG,9.6989,10.2744,83.5,34,96,0.27,overcast clouds
666,Aquiraz,BR,-3.9014,-38.3911,89.22,58,39,12.33,scattered clouds
667,Valentin Gomez Farias,MX,28.2167,-106.5833,70.86,24,2,1.99,clear sky
668,San Lorenzo,PY,-25.3333,-57.5333,88.74,48,40,2.3,scattered clouds
669,Walvis Bay,NA,-22.9575,14.5053,61.09,77,0,11.5,clear sky
670,Nabire,ID,-3.3667,135.4833,74.84,92,100,2.77,overcast clouds
671,Skibbereen,IE,51.55,-9.2667,46.2,71,79,24.67,broken clouds
672,Lensk,RU,60.7253,114.9278,17.85,95,88,3.44,overcast clouds
673,Lasa,IT,46.6166,10.7002,50.74,96,100,3.47,overcast clouds
674,Rovaniemi,FI,66.5,25.7167,35.01,100,90,6.91,fog
675,Xingcheng,CN,40.6167,120.7167,40.57,55,7,9.17,clear sky
676,Pangkalanbuun,ID,-2.6833,111.6167,73.9,97,93,0.49,overcast clouds
677,Saint-Georges,GD,12.0564,-61.7485,85.68,66,20,16.11,few clouds
678,Poya,NC,-21.35,165.15,68.72,77,11,1.74,few clouds
679,Galveston,US,29.3669,-94.9669,81.21,42,1,1.01,clear sky
680,Stropkov,SK,49.2021,21.6522,52.14,73,0,4.21,clear sky
681,Cap Malheureux,MU,-19.9842,57.6142,73.89,78,67,3.0,broken clouds
682,Lazaro Cardenas,MX,17.9583,-102.2,84.45,68,77,3.13,broken clouds
683,Opuwo,NA,-18.0607,13.84,77.67,17,36,14.18,scattered clouds
684,Aden,YE,12.7794,45.0367,83.97,70,48,20.24,scattered clouds
685,Semnan,IR,35.5729,53.3971,61.25,51,48,2.24,scattered clouds
686,Port Said,EG,31.2565,32.2841,76.39,78,1,7.61,clear sky
687,Pathein,MM,16.7833,94.7333,76.1,91,34,2.95,scattered clouds
688,Solwezi,ZM,-12.1688,26.3894,68.27,69,77,2.06,light rain
689,Upata,VE,8.0086,-62.3989,87.19,75,91,2.93,overcast clouds
690,Wanning,CN,18.8003,110.3967,76.06,90,91,7.2,overcast clouds
691,Tateyama,JP,34.9833,139.8667,61.02,88,80,11.95,broken clouds
692,Jingdezhen,CN,29.2947,117.2079,58.95,71,57,2.68,light rain
693,Calamar,CO,10.2511,-74.9146,82.35,68,58,4.29,broken clouds
694,Usvyaty,RU,55.7456,30.7533,43.57,76,2,8.37,clear sky
695,Port Hueneme,US,34.1478,-119.1951,68.05,81,90,4.61,haze
696,Kishapu,TZ,-3.6167,33.8667,77.31,46,93,9.48,overcast clouds
697,Jarocin,PL,51.9727,17.5026,56.43,62,49,10.2,scattered clouds
698,Dumai,ID,1.6833,101.45,74.1,98,97,2.64,overcast clouds
699,Nalut,LY,30.3333,10.85,72.95,27,4,7.0,clear sky
700,Inhambane,MZ,-23.865,35.3833,69.78,88,0,0.0,clear sky
701,Venice,US,27.0998,-82.4543,78.84,66,1,5.99,clear sky
702,Kutum,SD,14.2,24.6667,83.12,21,87,6.4,overcast clouds
